post_id,game,created_at,release_date,title,selftext
p001,Cyberpunk 2077,2020-12-12,2020-12-10,Performance problems after launch,"The game keeps crashing and the frame rate stutters badly, but I still hope the next patch can fix the biggest issues."
p002,Cyberpunk 2077,2020-12-16,2020-12-10,Missing promised features,"Marketing promised a deeper city and the trailers set very high standards. The missing systems are disappointing."
p003,Cyberpunk 2077,2021-01-03,2020-12-10,Patch roadmap gives me hope,"The launch was buggy and unfinished, but the roadmap makes me hopeful that the game can improve."
p004,No Man's Sky,2016-08-14,2016-08-09,Crashes and missing systems,"There are crashes and missing features compared with the reveal. This does not feel like the promised game."
p005,No Man's Sky,2016-09-02,2016-08-09,Potential after updates,"The game has problems, but there is potential if future updates add more systems and fix the biggest issues."
p006,No Man's Sky,2016-11-20,2016-08-09,Foundation update discussion,"The update is promising and some problems are fixed, but the original advertising still shaped expectations."
p007,Elden Ring,2022-02-27,2022-02-25,PC stutter is frustrating,"The PC version has stutter and frame drops. It is still fun, but the performance problem needs a patch."
p008,Elden Ring,2022-03-06,2022-02-25,Great game despite technical issues,"There are technical issues, but the game is amazing and I hope support continues."
p009,Pokemon GO,2016-07-11,2016-07-06,Servers keep breaking,"The servers crash and the app freezes, but the launch hype is huge and people still love the concept."
p010,Pokemon GO,2016-08-03,2016-07-06,Updates needed quickly,"Tracking is broken and players are disappointed. Hopefully the next update brings stability."
p011,Spider-Man PS4,2018-09-08,2018-09-07,Minor glitches but strong launch,"A few glitches appeared, but the game is stable and the community seems excited after release."
p012,Zelda Breath of the Wild,2017-03-05,2017-03-03,Frame drops in busy areas,"There are frame drops and a few issues, but the game is great and players seem willing to defend it."
